ID,target
ID_07VWE8S4AH,0.28531748
ID_1TTSQF7HN0,0.99969316
ID_21WVBU9ZMU,0.16496229
ID_2MHAFTL1KN,0.0025200516
ID_37ULEGW12M,0.999959
ID_8REUNTV3UL,0.99999285
ID_8YJA423CAB,0.99998474
ID_9HM1CMMDEI,0.99972147
ID_9NAGF1CGWB,0.99999726
ID_9PHABIBP5K,0.9889553
ID_9V8TIM2MWW,0.9999999
ID_ABGMXQ5WAR,0.99999106
ID_AVGACN449M,0.9999999
ID_BZVV0I5WQ2,0.9999981
ID_C3ZVCD507F,0.99999666
ID_E4P12L3PFD,4.4698972e-05
ID_ENKKT0T715,0.43137828
ID_IB39OC1LAA,0.9999726
ID_JSCIHWHDZN,0.9469353
ID_JXE4A2P3N9,0.9995403
ID_K9W6QXI5VZ,0.9999802
ID_LQT5C7SEE0,0.98373187
ID_LTZXAY8SN2,0.79730856
ID_MKCKMEBAS7,0.99999416
ID_OII2Q7G3QF,0.99996495
ID_R9GW41JDV9,1.0
ID_RXL34WKFNH,2.5067315e-05
ID_S6G2CLC1SN,3.5077937e-05
ID_TIXIH7FZZJ,0.0014314634
ID_VFNLIKUKPI,0.99999666
ID_W12UPWBDDO,0.9999982
ID_XDAH5643R4,0.005890784
ID_Z89CXM5VN7,0.9999993
ID_ZRM2IWUZA0,1.9013273e-06
