ID,target
ID_07VWE8S4AH,0.9998692
ID_1TTSQF7HN0,0.00015035391
ID_21WVBU9ZMU,0.99901116
ID_2MHAFTL1KN,3.6760146e-05
ID_37ULEGW12M,0.9999987
ID_8REUNTV3UL,0.99996936
ID_8YJA423CAB,0.9999893
ID_9HM1CMMDEI,0.87440526
ID_9NAGF1CGWB,0.9999999
ID_9PHABIBP5K,0.9924385
ID_9V8TIM2MWW,1.0
ID_ABGMXQ5WAR,0.99272305
ID_AVGACN449M,0.9871157
ID_BZVV0I5WQ2,0.99999976
ID_C3ZVCD507F,1.0
ID_E4P12L3PFD,0.1666405
ID_ENKKT0T715,0.21630353
ID_IB39OC1LAA,1.0
ID_JSCIHWHDZN,3.670642e-09
ID_JXE4A2P3N9,0.9999441
ID_K9W6QXI5VZ,0.99997973
ID_LQT5C7SEE0,0.99994314
ID_LTZXAY8SN2,0.9999385
ID_MKCKMEBAS7,0.99999774
ID_OII2Q7G3QF,0.9995146
ID_R9GW41JDV9,0.99999976
ID_RXL34WKFNH,6.2549925e-06
ID_S6G2CLC1SN,0.9906935
ID_TIXIH7FZZJ,0.97174114
ID_VFNLIKUKPI,0.99979275
ID_W12UPWBDDO,0.99999964
ID_XDAH5643R4,0.15476598
ID_Z89CXM5VN7,0.99997103
ID_ZRM2IWUZA0,0.0076083024
