ID,target
ID_07VWE8S4AH,0.28107825
ID_1TTSQF7HN0,0.020532813
ID_21WVBU9ZMU,0.006180691
ID_2MHAFTL1KN,0.003040275
ID_37ULEGW12M,0.99989843
ID_8REUNTV3UL,0.99995077
ID_8YJA423CAB,0.06859874
ID_9HM1CMMDEI,0.9984781
ID_9NAGF1CGWB,0.9999902
ID_9PHABIBP5K,0.071517676
ID_9V8TIM2MWW,0.99999976
ID_ABGMXQ5WAR,0.9996443
ID_AVGACN449M,0.99991095
ID_BZVV0I5WQ2,0.99937516
ID_C3ZVCD507F,1.0
ID_E4P12L3PFD,7.8256635e-05
ID_ENKKT0T715,0.5523026
ID_IB39OC1LAA,0.9013635
ID_JSCIHWHDZN,0.0015442675
ID_JXE4A2P3N9,0.85802585
ID_K9W6QXI5VZ,0.9999734
ID_LQT5C7SEE0,0.99652255
ID_LTZXAY8SN2,0.99893564
ID_MKCKMEBAS7,0.9999534
ID_OII2Q7G3QF,0.99985826
ID_R9GW41JDV9,0.99999964
ID_RXL34WKFNH,2.5696346e-07
ID_S6G2CLC1SN,4.6960493e-05
ID_TIXIH7FZZJ,0.029729027
ID_VFNLIKUKPI,0.99998987
ID_W12UPWBDDO,0.9999901
ID_XDAH5643R4,0.0007434357
ID_Z89CXM5VN7,0.9988701
ID_ZRM2IWUZA0,0.0040665325
