ID,target
ID_07VWE8S4AH,0.6451051
ID_1TTSQF7HN0,0.006626774
ID_21WVBU9ZMU,0.69704777
ID_2MHAFTL1KN,0.03427676
ID_37ULEGW12M,0.9999728
ID_8REUNTV3UL,0.9999887
ID_8YJA423CAB,0.9999275
ID_9HM1CMMDEI,0.9974899
ID_9NAGF1CGWB,0.99999964
ID_9PHABIBP5K,0.7156653
ID_9V8TIM2MWW,0.9999999
ID_ABGMXQ5WAR,0.9977375
ID_AVGACN449M,0.9999993
ID_BZVV0I5WQ2,0.9999919
ID_C3ZVCD507F,1.0
ID_E4P12L3PFD,0.0006595351
ID_ENKKT0T715,0.9966511
ID_IB39OC1LAA,0.99999774
ID_JSCIHWHDZN,0.007799333
ID_JXE4A2P3N9,0.46379098
ID_K9W6QXI5VZ,0.99835324
ID_LQT5C7SEE0,0.9903572
ID_LTZXAY8SN2,0.9963644
ID_MKCKMEBAS7,0.9999993
ID_OII2Q7G3QF,0.9990846
ID_R9GW41JDV9,0.99999964
ID_RXL34WKFNH,1.8994771e-07
ID_S6G2CLC1SN,0.0001591134
ID_TIXIH7FZZJ,0.00018714604
ID_VFNLIKUKPI,0.99788386
ID_W12UPWBDDO,0.9999436
ID_XDAH5643R4,0.9994444
ID_Z89CXM5VN7,0.9999635
ID_ZRM2IWUZA0,0.06371603
