ID,target
ID_07VWE8S4AH,0.035684366
ID_1TTSQF7HN0,9.2427814e-07
ID_21WVBU9ZMU,4.3414548e-06
ID_2MHAFTL1KN,6.645201e-06
ID_37ULEGW12M,0.1810117
ID_8REUNTV3UL,0.0077077453
ID_8YJA423CAB,3.0275263e-08
ID_9HM1CMMDEI,0.9998354
ID_9NAGF1CGWB,0.78911257
ID_9PHABIBP5K,1.0400296e-06
ID_9V8TIM2MWW,0.9999995
ID_ABGMXQ5WAR,0.97778
ID_AVGACN449M,7.305147e-07
ID_BZVV0I5WQ2,0.9999503
ID_C3ZVCD507F,0.99999774
ID_E4P12L3PFD,2.2006412e-07
ID_ENKKT0T715,2.644431e-06
ID_IB39OC1LAA,0.8579804
ID_JSCIHWHDZN,1.4048053e-08
ID_JXE4A2P3N9,6.9473e-06
ID_K9W6QXI5VZ,0.99998724
ID_LQT5C7SEE0,0.99746394
ID_LTZXAY8SN2,0.99934024
ID_MKCKMEBAS7,0.95379394
ID_OII2Q7G3QF,0.9998747
ID_R9GW41JDV9,0.999997
ID_RXL34WKFNH,1.4025986e-09
ID_S6G2CLC1SN,2.5264114e-11
ID_TIXIH7FZZJ,0.9939767
ID_VFNLIKUKPI,0.99931276
ID_W12UPWBDDO,0.05575834
ID_XDAH5643R4,4.6298116e-08
ID_Z89CXM5VN7,0.0040892833
ID_ZRM2IWUZA0,7.66215e-12
