img_IDs,target
ID_07VWE8S4AH,
ID_1TTSQF7HN0,
ID_21WVBU9ZMU,
ID_2MHAFTL1KN,
ID_37ULEGW12M,
ID_8REUNTV3UL,
ID_8YJA423CAB,
ID_9HM1CMMDEI,
ID_9NAGF1CGWB,
ID_9PHABIBP5K,
ID_9V8TIM2MWW,
ID_ABGMXQ5WAR,
ID_AVGACN449M,
ID_BZVV0I5WQ2,
ID_C3ZVCD507F,
ID_E4P12L3PFD,
ID_ENKKT0T715,
ID_IB39OC1LAA,
ID_JSCIHWHDZN,
ID_JXE4A2P3N9,
ID_K9W6QXI5VZ,
ID_LQT5C7SEE0,
ID_LTZXAY8SN2,
ID_MKCKMEBAS7,
ID_OII2Q7G3QF,
ID_R9GW41JDV9,
ID_RXL34WKFNH,
ID_S6G2CLC1SN,
ID_TIXIH7FZZJ,
ID_VFNLIKUKPI,
ID_W12UPWBDDO,
ID_XDAH5643R4,
ID_Z89CXM5VN7,
ID_ZRM2IWUZA0,
