img_IDs,target
ID_04UTZ83A24,0
ID_0URH2U2RON,1
ID_0ZEPOZGGQ1,0
ID_1595QTX5OA,1
ID_1RAE4SS5S6,1
ID_2VWHTJ1C83,1
ID_2XCHB8JLU3,1
ID_3NH18VU6ME,0
ID_3PWJHFAP69,1
ID_3R69NYJRC1,1
ID_40Q303MY2R,1
ID_4JABT562B1,1
ID_4PNMWE1FN9,1
ID_5U4V0IXVWN,0
ID_69YFOND416,1
ID_6AJQPVATUN,0
ID_6M6QTA53VF,0
ID_7BWW6V1PWA,0
ID_7L553WR9UK,1
ID_7NK31LCM2D,1
ID_7RMY7LT4CV,0
ID_8T2QAPX0VD,1
ID_8Y5WSDUGYE,0
ID_9EN1QKI48K,1
ID_9MZO8LRZN3,0
ID_9XUBY9BGB5,0
ID_A4G7PSD150,0
ID_ABSWOFNAG5,1
ID_ART5N3J846,0
ID_B9EHKJJAQF,1
ID_CCAWYYTNWS,1
ID_CXJHUEOV1O,1
ID_DET62AR2MQ,1
ID_E2R5RY3B4P,1
ID_E59EPKSP1G,1
ID_EJ6C3A8RI4,1
ID_EN2Q97J7SN,1
ID_F2DNQ30V9J,0
ID_FEP3TTUYSF,0
ID_FMFMDJGVKH,1
ID_FROTZ3DD3D,1
ID_HFE1U928F6,1
ID_HX5UFKX2XH,0
ID_IJYCIR41XB,0
ID_IQCLAMRYAK,1
ID_JMMZ54HKDT,0
ID_JX0019LSBZ,0
ID_K01JD9PA7V,1
ID_K5GGUPC8U1,1
ID_K7BCKI0VGB,0
ID_KE8224BU9P,1
ID_KPKU1ZSXRN,1
ID_L0CXE6CMZ4,1
ID_L20KNWNMKG,0
ID_LEE5ETVDDA,0
ID_LF2L0T2B4R,1
ID_LFMSXKOD8T,0
ID_LIH44ZFPPA,0
ID_LP7E2QLTCN,0
ID_MLRPA2YHOZ,1
ID_MWAVHS8PZI,1
ID_MWPQY7BH1A,1
ID_NBWRRV1UE0,0
ID_NDJ4DR039S,1
ID_NI196DB1MF,1
ID_NUL9OTG08H,1
ID_O8PC2YEP0T,1
ID_OM5IASKIPT,1
ID_OO08LY2NIA,0
ID_OT5VVOM679,1
ID_PIL6QCA60E,1
ID_PN5MMQ1JO2,1
ID_PRYUV9QPRA,1
ID_Q2EJX9HZBH,1
ID_Q6DU4X45UP,0
ID_R0S5JL45WC,1
ID_RHPB1Q1BYA,1
ID_RR5052KH3J,0
ID_RTZU8P6O37,1
ID_S2NF1VOS5R,0
ID_S8RJSDRQTX,1
ID_TMLM75I3E3,0
ID_TNVYI1MPV6,0
ID_U8I4LVDWNJ,1
ID_UDSPNY7DAM,1
ID_VIHKY1YMMS,1
ID_VOQX1AFZ3J,0
ID_WMAEWBL4SN,1
ID_XIYGYYXR5O,1
ID_XPGMJ61IF4,1
ID_XQ4KCSOLCV,0
ID_XWBDOMC4XF,1
ID_YC099S2G0G,1
ID_YKSXGSI3JQ,0
ID_YNBRO4LM5G,1
ID_YUYC853ZPT,1
ID_Z4PBU4JGZ5,1
ID_Z6X07BQKYP,1
ID_ZCUALS7SEG,1
ID_ZXMG10YNQ3,0
